dataset,method,reference,precision,recall,f1,shd,extra,missing,reversed,edge_type,edge,ci_test,statistic,p_value,log_p_value,reject,runtime_s,bic,key_edge_freq
asia,analyst,truth,0.875,0.875,0.875,2.0,"[('VisitAsia', 'Bronchitis')]","[('Smoking', 'LungCancer')]",[],,,,,,,,,,
asia,ci_test,,,,,,,,,missing,"['Smoking', 'LungCancer']",chi_square,266.256,7.428797081732676e-60,,True,,,
asia,ci_test,,,,,,,,,spurious,"['VisitAsia', 'Bronchitis']",chi_square,0.023241415375586275,0.9884465519488264,,False,,,
asia,pc,truth,0.5714285714285714,1.0,0.7272727272727273,10.0,"[('Dyspnea', 'LungCancer'), ('Dyspnea', 'Smoking'), ('Dyspnea', 'Xray'), ('Either', 'Smoking'), ('LungCancer', 'Xray'), ('Smoking', 'Xray')]",[],"[('Dyspnea', 'Bronchitis'), ('Dyspnea', 'Either'), ('Either', 'LungCancer'), ('Either', 'Tuberculosis')]",,,,,,,,,,0.86
asia,pc,analyst,0.5,0.875,0.6363636363636364,12.0,"[('Dyspnea', 'LungCancer'), ('Dyspnea', 'Smoking'), ('Dyspnea', 'Xray'), ('Either', 'Smoking'), ('LungCancer', 'Xray'), ('Smoking', 'LungCancer'), ('Smoking', 'Xray')]","[('VisitAsia', 'Bronchitis')]","[('Dyspnea', 'Bronchitis'), ('Dyspnea', 'Either'), ('Either', 'LungCancer'), ('Either', 'Tuberculosis')]",,,,,,,,,,0.86
asia,ges,truth,0.7272727272727273,1.0,0.8421052631578948,8.0,"[('Dyspnea', 'Smoking'), ('Either', 'Smoking'), ('Xray', 'LungCancer')]",[],"[('Dyspnea', 'Bronchitis'), ('Dyspnea', 'Either'), ('Either', 'LungCancer'), ('Either', 'Tuberculosis'), ('Xray', 'Either')]",,,,,,,,,,0.99
asia,ges,analyst,0.6363636363636364,0.875,0.7368421052631579,10.0,"[('Dyspnea', 'Smoking'), ('Either', 'Smoking'), ('Smoking', 'LungCancer'), ('Xray', 'LungCancer')]","[('VisitAsia', 'Bronchitis')]","[('Dyspnea', 'Bronchitis'), ('Dyspnea', 'Either'), ('Either', 'LungCancer'), ('Either', 'Tuberculosis'), ('Xray', 'Either')]",,,,,,,,,,0.99
asia,notears,truth,0.875,0.875,0.875,8.0,"[('LungCancer', 'Tuberculosis')]","[('Smoking', 'Bronchitis')]","[('Dyspnea', 'Bronchitis'), ('Dyspnea', 'Either'), ('Either', 'LungCancer'), ('Either', 'Tuberculosis'), ('LungCancer', 'Smoking'), ('Tuberculosis', 'VisitAsia')]",,,,,,,,,,0.08
asia,notears,analyst,0.75,0.75,0.75,9.0,"[('LungCancer', 'Smoking'), ('LungCancer', 'Tuberculosis')]","[('Smoking', 'Bronchitis'), ('VisitAsia', 'Bronchitis')]","[('Dyspnea', 'Bronchitis'), ('Dyspnea', 'Either'), ('Either', 'LungCancer'), ('Either', 'Tuberculosis'), ('Tuberculosis', 'VisitAsia')]",,,,,,,,,,0.08
asia,cosmo,truth,1.0,0.75,0.8571428571428571,4.0,[],"[('Smoking', 'Bronchitis'), ('Tuberculosis', 'Either')]","[('Either', 'LungCancer'), ('LungCancer', 'Smoking')]",,,,,,,,,,0.0
asia,cosmo,analyst,0.8333333333333334,0.625,0.7142857142857143,5.0,"[('LungCancer', 'Smoking')]","[('Smoking', 'Bronchitis'), ('Tuberculosis', 'Either'), ('VisitAsia', 'Bronchitis')]","[('Either', 'LungCancer')]",,,,,,,,,,0.0
sachs,analyst,truth,0.9411764705882353,0.9411764705882353,0.9411764705882353,2.0,"[('PIP2', 'PKA')]","[('PKA', 'Mek')]",[],,,,,,,,,,
sachs,ci_test,,,,,,,,,missing,"['PKA', 'Mek']",fisher_z,12.969465179536835,0.0,-86.89776181911039,True,,,
sachs,ci_test,,,,,,,,,spurious,"['PIP2', 'PKA']",fisher_z,0.2983490182262693,0.7654367956346746,-0.2673086334137764,False,,,
sachs,pc,truth,1.0,0.7058823529411765,0.8275862068965517,5.0,[],"[('PKA', 'Jnk'), ('PKA', 'Mek'), ('PKA', 'Raf'), ('PKC', 'P38'), ('PKC', 'PKA')]",[],,,,,,,,,,0.0
sachs,pc,analyst,1.0,0.7058823529411765,0.8275862068965517,5.0,[],"[('PIP2', 'PKA'), ('PKA', 'Jnk'), ('PKA', 'Raf'), ('PKC', 'P38'), ('PKC', 'PKA')]",[],,,,,,,,,,0.0
sachs,ges,truth,0.8421052631578947,0.9411764705882353,0.8888888888888888,6.0,"[('Jnk', 'Erk'), ('Jnk', 'Raf'), ('PKC', 'Plcg')]","[('PKA', 'Jnk')]","[('P38', 'PKA'), ('P38', 'PKC')]",,,,,,,,,,0.21
sachs,ges,analyst,0.7894736842105263,0.8823529411764706,0.8333333333333333,8.0,"[('Jnk', 'Erk'), ('Jnk', 'Raf'), ('PKA', 'Mek'), ('PKC', 'Plcg')]","[('PIP2', 'PKA'), ('PKA', 'Jnk')]","[('P38', 'PKA'), ('P38', 'PKC')]",,,,,,,,,,0.21
sachs,notears,truth,0.68,1.0,0.8095238095238095,11.0,"[('Erk', 'P38'), ('Jnk', 'Mek'), ('Jnk', 'Raf'), ('PIP3', 'Mek'), ('PKC', 'Akt'), ('PKC', 'Erk'), ('PKC', 'Plcg'), ('Plcg', 'Mek')]",[],"[('Jnk', 'PKA'), ('Mek', 'PKA'), ('Raf', 'PKA')]",,,,,,,,,,0.09
sachs,notears,analyst,0.64,0.9411764705882353,0.7619047619047621,12.0,"[('Erk', 'P38'), ('Jnk', 'Mek'), ('Jnk', 'Raf'), ('Mek', 'PKA'), ('PIP3', 'Mek'), ('PKC', 'Akt'), ('PKC', 'Erk'), ('PKC', 'Plcg'), ('Plcg', 'Mek')]","[('PIP2', 'PKA')]","[('Jnk', 'PKA'), ('Raf', 'PKA')]",,,,,,,,,,0.09
sachs,cosmo,truth,0.9333333333333333,0.8235294117647058,0.8749999999999999,12.0,"[('Akt', 'P38')]","[('PKA', 'Mek'), ('PKC', 'P38'), ('PKC', 'PKA')]","[('Akt', 'Erk'), ('Akt', 'PKA'), ('Erk', 'PKA'), ('Mek', 'PKC'), ('Mek', 'Raf'), ('P38', 'PKA'), ('PIP2', 'Plcg'), ('PIP3', 'Plcg')]",,,,,,,,,,0.0
sachs,cosmo,analyst,0.9333333333333333,0.8235294117647058,0.8749999999999999,12.0,"[('Akt', 'P38')]","[('PIP2', 'PKA'), ('PKC', 'P38'), ('PKC', 'PKA')]","[('Akt', 'Erk'), ('Akt', 'PKA'), ('Erk', 'PKA'), ('Mek', 'PKC'), ('Mek', 'Raf'), ('P38', 'PKA'), ('PIP2', 'Plcg'), ('PIP3', 'Plcg')]",,,,,,,,,,0.0
alarm,analyst,truth,0.9782608695652174,0.9782608695652174,0.9782608695652174,2.0,"[('KINKEDTUBE', 'INTUBATION')]","[('PVSAT', 'SAO2')]",[],,,,,,,,,,
alarm,ci_test,,,,,,,,,missing,"['PVSAT', 'SAO2']",chi_square,577.9580418105431,1.2792924940974368e-119,,True,,,
alarm,ci_test,,,,,,,,,spurious,"['KINKEDTUBE', 'INTUBATION']",chi_square,0.402366438294582,0.8177625880631089,,False,,,
alarm,pc,truth,0.37662337662337664,0.6304347826086957,0.47154471544715454,77.0,"[('ANAPHYLAXIS', 'CO'), ('BP', 'ANAPHYLAXIS'), ('BP', 'HR'), ('BP', 'HRSAT'), ('CATECHOL', 'BP'), ('CO', 'HRSAT'), ('FIO2', 'INSUFFANESTH'), ('HRBP', 'BP'), ('HRBP', 'CATECHOL'), ('HRBP', 'HREKG'), ('HRBP', 'HRSAT'), ('HREKG', 'HRSAT'), ('HREKG', 'SAO2'), ('HYPOVOLEMIA', 'CVP'), ('HYPOVOLEMIA', 'PCWP'), ('INTUBATION', 'CATECHOL'), ('INTUBATION', 'HR'), ('INTUBATION', 'SAO2'), ('KINKEDTUBE', 'DISCONNECT'), ('MINVOL', 'EXPCO2'), ('MINVOL', 'MINVOLSET'), ('MINVOL', 'PRESS'), ('MINVOL', 'PVSAT'), ('MINVOL', 'SAO2'), ('MINVOL', 'VENTALV'), ('MINVOL', 'VENTTUBE'), ('PAP', 'INSUFFANESTH'), ('PAP', 'SAO2'), ('PAP', 'SHUNT'), ('PRESS', 'SAO2'), ('PVSAT', 'BP'), ('PVSAT', 'PRESS'), ('STROKEVOLUME', 'CVP'), ('STROKEVOLUME', 'HISTORY'), ('STROKEVOLUME', 'LVEDVOLUME'), ('STROKEVOLUME', 'PCWP'), ('VENTALV', 'EXPCO2'), ('VENTALV', 'TPR'), ('VENTLUNG', 'ARTCO2'), ('VENTLUNG', 'HRSAT'), ('VENTLUNG', 'PVSAT'), ('VENTMACH', 'EXPCO2'), ('VENTMACH', 'PCWP'), ('VENTMACH', 'PRESS'), ('VENTMACH', 'PVSAT'), ('VENTTUBE', 'EXPCO2'), ('VENTTUBE', 'PVSAT'), ('VENTTUBE', 'VENTALV')]","[('ARTCO2', 'CATECHOL'), ('CATECHOL', 'HR'), ('ERRCAUTER', 'HREKG'), ('ERRCAUTER', 'HRSAT'), ('INSUFFANESTH', 'CATECHOL'), ('INTUBATION', 'PRESS'), ('KINKEDTUBE', 'VENTLUNG'), ('LVEDVOLUME', 'CVP'), ('LVEDVOLUME', 'PCWP'), ('LVFAILURE', 'HISTORY'), ('LVFAILURE', 'LVEDVOLUME'), ('PULMEMBOLUS', 'SHUNT'), ('SHUNT', 'SAO2'), ('STROKEVOLUME', 'CO'), ('TPR', 'BP'), ('TPR', 'CATECHOL'), ('VENTTUBE', 'VENTLUNG')]","[('ARTCO2', 'VENTALV'), ('BP', 'CO'), ('CATECHOL', 'SAO2'), ('CO', 'HR'), ('HRBP', 'ERRLOWOUTPUT'), ('HRBP', 'HR'), ('PAP', 'PULMEMBOLUS'), ('STROKEVOLUME', 'HYPOVOLEMIA'), ('STROKEVOLUME', 'LVFAILURE'), ('VENTMACH', 'MINVOLSET'), ('VENTTUBE', 'DISCONNECT'), ('VENTTUBE', 'VENTMACH')]",,,,,,,,,,0.85
alarm,pc,analyst,0.36363636363636365,0.6086956521739131,0.4552845528455285,79.0,"[('ANAPHYLAXIS', 'CO'), ('BP', 'ANAPHYLAXIS'), ('BP', 'HR'), ('BP', 'HRSAT'), ('CATECHOL', 'BP'), ('CO', 'HRSAT'), ('FIO2', 'INSUFFANESTH'), ('HRBP', 'BP'), ('HRBP', 'CATECHOL'), ('HRBP', 'HREKG'), ('HRBP', 'HRSAT'), ('HREKG', 'HRSAT'), ('HREKG', 'SAO2'), ('HYPOVOLEMIA', 'CVP'), ('HYPOVOLEMIA', 'PCWP'), ('INTUBATION', 'CATECHOL'), ('INTUBATION', 'HR'), ('INTUBATION', 'SAO2'), ('KINKEDTUBE', 'DISCONNECT'), ('MINVOL', 'EXPCO2'), ('MINVOL', 'MINVOLSET'), ('MINVOL', 'PRESS'), ('MINVOL', 'PVSAT'), ('MINVOL', 'SAO2'), ('MINVOL', 'VENTALV'), ('MINVOL', 'VENTTUBE'), ('PAP', 'INSUFFANESTH'), ('PAP', 'SAO2'), ('PAP', 'SHUNT'), ('PRESS', 'SAO2'), ('PVSAT', 'BP'), ('PVSAT', 'PRESS'), ('PVSAT', 'SAO2'), ('STROKEVOLUME', 'CVP'), ('STROKEVOLUME', 'HISTORY'), ('STROKEVOLUME', 'LVEDVOLUME'), ('STROKEVOLUME', 'PCWP'), ('VENTALV', 'EXPCO2'), ('VENTALV', 'TPR'), ('VENTLUNG', 'ARTCO2'), ('VENTLUNG', 'HRSAT'), ('VENTLUNG', 'PVSAT'), ('VENTMACH', 'EXPCO2'), ('VENTMACH', 'PCWP'), ('VENTMACH', 'PRESS'), ('VENTMACH', 'PVSAT'), ('VENTTUBE', 'EXPCO2'), ('VENTTUBE', 'PVSAT'), ('VENTTUBE', 'VENTALV')]","[('ARTCO2', 'CATECHOL'), ('CATECHOL', 'HR'), ('ERRCAUTER', 'HREKG'), ('ERRCAUTER', 'HRSAT'), ('INSUFFANESTH', 'CATECHOL'), ('INTUBATION', 'PRESS'), ('KINKEDTUBE', 'INTUBATION'), ('KINKEDTUBE', 'VENTLUNG'), ('LVEDVOLUME', 'CVP'), ('LVEDVOLUME', 'PCWP'), ('LVFAILURE', 'HISTORY'), ('LVFAILURE', 'LVEDVOLUME'), ('PULMEMBOLUS', 'SHUNT'), ('SHUNT', 'SAO2'), ('STROKEVOLUME', 'CO'), ('TPR', 'BP'), ('TPR', 'CATECHOL'), ('VENTTUBE', 'VENTLUNG')]","[('ARTCO2', 'VENTALV'), ('BP', 'CO'), ('CATECHOL', 'SAO2'), ('CO', 'HR'), ('HRBP', 'ERRLOWOUTPUT'), ('HRBP', 'HR'), ('PAP', 'PULMEMBOLUS'), ('STROKEVOLUME', 'HYPOVOLEMIA'), ('STROKEVOLUME', 'LVFAILURE'), ('VENTMACH', 'MINVOLSET'), ('VENTTUBE', 'DISCONNECT'), ('VENTTUBE', 'VENTMACH')]",,,,,,,,,,0.85
alarm,ges,truth,0.391304347826087,0.782608695652174,0.5217391304347826,92.0,"[('ARTCO2', 'VENTLUNG'), ('BP', 'HRSAT'), ('CATECHOL', 'BP'), ('CATECHOL', 'HRBP'), ('CATECHOL', 'HYPOVOLEMIA'), ('CATECHOL', 'INTUBATION'), ('CO', 'ARTCO2'), ('CO', 'INTUBATION'), ('CO', 'MINVOL'), ('CO', 'TPR'), ('CO', 'VENTALV'), ('ERRCAUTER', 'INSUFFANESTH'), ('EXPCO2', 'MINVOL'), ('FIO2', 'VENTALV'), ('HISTORY', 'STROKEVOLUME'), ('HR', 'INTUBATION'), ('HR', 'STROKEVOLUME'), ('HRBP', 'ARTCO2'), ('HRBP', 'CO'), ('HRBP', 'SAO2'), ('HREKG', 'CATECHOL'), ('HREKG', 'EXPCO2'), ('HREKG', 'HRSAT'), ('HREKG', 'SAO2'), ('HRSAT', 'CO'), ('HRSAT', 'HRBP'), ('HYPOVOLEMIA', 'CVP'), ('INSUFFANESTH', 'HR'), ('INTUBATION', 'KINKEDTUBE'), ('INTUBATION', 'VENTTUBE'), ('KINKEDTUBE', 'DISCONNECT'), ('LVEDVOLUME', 'EXPCO2'), ('LVFAILURE', 'HYPOVOLEMIA'), ('LVFAILURE', 'PCWP'), ('MINVOL', 'KINKEDTUBE'), ('MINVOL', 'PRESS'), ('MINVOL', 'VENTTUBE'), ('PAP', 'SHUNT'), ('PCWP', 'PAP'), ('PULMEMBOLUS', 'HRSAT'), ('PULMEMBOLUS', 'INTUBATION'), ('PULMEMBOLUS', 'PRESS'), ('PULMEMBOLUS', 'PVSAT'), ('PULMEMBOLUS', 'SAO2'), ('PULMEMBOLUS', 'VENTALV'), ('PVSAT', 'HR'), ('SAO2', 'ARTCO2'), ('SAO2', 'HR'), ('SAO2', 'INTUBATION'), ('SAO2', 'TPR'), ('SHUNT', 'PVSAT'), ('STROKEVOLUME', 'ERRLOWOUTPUT'), ('STROKEVOLUME', 'LVEDVOLUME'), ('VENTALV', 'EXPCO2'), ('VENTLUNG', 'PRESS'), ('VENTLUNG', 'VENTMACH')]","[('ARTCO2', 'CATECHOL'), ('CATECHOL', 'HR'), ('ERRCAUTER', 'HRSAT'), ('INSUFFANESTH', 'CATECHOL'), ('INTUBATION', 'VENTLUNG'), ('KINKEDTUBE', 'VENTLUNG'), ('LVFAILURE', 'LVEDVOLUME'), ('STROKEVOLUME', 'CO'), ('TPR', 'CATECHOL'), ('VENTTUBE', 'VENTLUNG')]","[('ARTCO2', 'VENTALV'), ('BP', 'CO'), ('BP', 'TPR'), ('CATECHOL', 'SAO2'), ('EXPCO2', 'VENTLUNG'), ('HISTORY', 'LVFAILURE'), ('HRBP', 'ERRLOWOUTPUT'), ('HRBP', 'HR'), ('HREKG', 'ERRCAUTER'), ('HREKG', 'HR'), ('HRSAT', 'HR'), ('LVEDVOLUME', 'HYPOVOLEMIA'), ('MINVOL', 'VENTLUNG'), ('PAP', 'PULMEMBOLUS'), ('PCWP', 'LVEDVOLUME'), ('PRESS', 'KINKEDTUBE'), ('PRESS', 'VENTTUBE'), ('PVSAT', 'VENTALV'), ('SAO2', 'PVSAT'), ('SHUNT', 'INTUBATION'), ('SHUNT', 'PULMEMBOLUS'), ('STROKEVOLUME', 'HYPOVOLEMIA'), ('VENTALV', 'INTUBATION'), ('VENTALV', 'VENTLUNG'), ('VENTTUBE', 'DISCONNECT'), ('VENTTUBE', 'VENTMACH')]",,,,,,,,,,0.5
alarm,ges,analyst,0.391304347826087,0.782608695652174,0.5217391304347826,92.0,"[('ARTCO2', 'VENTLUNG'), ('BP', 'HRSAT'), ('CATECHOL', 'BP'), ('CATECHOL', 'HRBP'), ('CATECHOL', 'HYPOVOLEMIA'), ('CATECHOL', 'INTUBATION'), ('CO', 'ARTCO2'), ('CO', 'INTUBATION'), ('CO', 'MINVOL'), ('CO', 'TPR'), ('CO', 'VENTALV'), ('ERRCAUTER', 'INSUFFANESTH'), ('EXPCO2', 'MINVOL'), ('FIO2', 'VENTALV'), ('HISTORY', 'STROKEVOLUME'), ('HR', 'INTUBATION'), ('HR', 'STROKEVOLUME'), ('HRBP', 'ARTCO2'), ('HRBP', 'CO'), ('HRBP', 'SAO2'), ('HREKG', 'CATECHOL'), ('HREKG', 'EXPCO2'), ('HREKG', 'HRSAT'), ('HREKG', 'SAO2'), ('HRSAT', 'CO'), ('HRSAT', 'HRBP'), ('HYPOVOLEMIA', 'CVP'), ('INSUFFANESTH', 'HR'), ('INTUBATION', 'VENTTUBE'), ('KINKEDTUBE', 'DISCONNECT'), ('LVEDVOLUME', 'EXPCO2'), ('LVFAILURE', 'HYPOVOLEMIA'), ('LVFAILURE', 'PCWP'), ('MINVOL', 'KINKEDTUBE'), ('MINVOL', 'PRESS'), ('MINVOL', 'VENTTUBE'), ('PAP', 'SHUNT'), ('PCWP', 'PAP'), ('PULMEMBOLUS', 'HRSAT'), ('PULMEMBOLUS', 'INTUBATION'), ('PULMEMBOLUS', 'PRESS'), ('PULMEMBOLUS', 'PVSAT'), ('PULMEMBOLUS', 'SAO2'), ('PULMEMBOLUS', 'VENTALV'), ('PVSAT', 'HR'), ('SAO2', 'ARTCO2'), ('SAO2', 'HR'), ('SAO2', 'INTUBATION'), ('SAO2', 'PVSAT'), ('SAO2', 'TPR'), ('SHUNT', 'PVSAT'), ('STROKEVOLUME', 'ERRLOWOUTPUT'), ('STROKEVOLUME', 'LVEDVOLUME'), ('VENTALV', 'EXPCO2'), ('VENTLUNG', 'PRESS'), ('VENTLUNG', 'VENTMACH')]","[('ARTCO2', 'CATECHOL'), ('CATECHOL', 'HR'), ('ERRCAUTER', 'HRSAT'), ('INSUFFANESTH', 'CATECHOL'), ('INTUBATION', 'VENTLUNG'), ('KINKEDTUBE', 'VENTLUNG'), ('LVFAILURE', 'LVEDVOLUME'), ('STROKEVOLUME', 'CO'), ('TPR', 'CATECHOL'), ('VENTTUBE', 'VENTLUNG')]","[('ARTCO2', 'VENTALV'), ('BP', 'CO'), ('BP', 'TPR'), ('CATECHOL', 'SAO2'), ('EXPCO2', 'VENTLUNG'), ('HISTORY', 'LVFAILURE'), ('HRBP', 'ERRLOWOUTPUT'), ('HRBP', 'HR'), ('HREKG', 'ERRCAUTER'), ('HREKG', 'HR'), ('HRSAT', 'HR'), ('INTUBATION', 'KINKEDTUBE'), ('LVEDVOLUME', 'HYPOVOLEMIA'), ('MINVOL', 'VENTLUNG'), ('PAP', 'PULMEMBOLUS'), ('PCWP', 'LVEDVOLUME'), ('PRESS', 'KINKEDTUBE'), ('PRESS', 'VENTTUBE'), ('PVSAT', 'VENTALV'), ('SHUNT', 'INTUBATION'), ('SHUNT', 'PULMEMBOLUS'), ('STROKEVOLUME', 'HYPOVOLEMIA'), ('VENTALV', 'INTUBATION'), ('VENTALV', 'VENTLUNG'), ('VENTTUBE', 'DISCONNECT'), ('VENTTUBE', 'VENTMACH')]",,,,,,,,,,0.5
alarm,notears,truth,0.47540983606557374,0.6304347826086957,0.5420560747663552,69.0,"[('ARTCO2', 'INSUFFANESTH'), ('BP', 'HISTORY'), ('BP', 'PRESS'), ('BP', 'STROKEVOLUME'), ('BP', 'VENTALV'), ('CO', 'ANAPHYLAXIS'), ('CO', 'ERRLOWOUTPUT'), ('CO', 'PCWP'), ('HR', 'ERRCAUTER'), ('HR', 'HISTORY'), ('HR', 'PCWP'), ('HR', 'STROKEVOLUME'), ('HRBP', 'CATECHOL'), ('HRBP', 'SAO2'), ('HREKG', 'SAO2'), ('HRSAT', 'CATECHOL'), ('HRSAT', 'DISCONNECT'), ('HRSAT', 'ERRLOWOUTPUT'), ('HRSAT', 'FIO2'), ('HRSAT', 'HRBP'), ('HRSAT', 'PULMEMBOLUS'), ('INTUBATION', 'KINKEDTUBE'), ('INTUBATION', 'PULMEMBOLUS'), ('MINVOL', 'HRSAT'), ('PVSAT', 'SHUNT'), ('SAO2', 'TPR'), ('VENTALV', 'FIO2'), ('VENTALV', 'PULMEMBOLUS'), ('VENTALV', 'TPR'), ('VENTLUNG', 'PRESS'), ('VENTMACH', 'DISCONNECT'), ('VENTTUBE', 'KINKEDTUBE')]","[('ARTCO2', 'CATECHOL'), ('CATECHOL', 'HR'), ('ERRCAUTER', 'HRSAT'), ('HR', 'CO'), ('HR', 'HRSAT'), ('HYPOVOLEMIA', 'LVEDVOLUME'), ('HYPOVOLEMIA', 'STROKEVOLUME'), ('INSUFFANESTH', 'CATECHOL'), ('INTUBATION', 'PRESS'), ('INTUBATION', 'SHUNT'), ('INTUBATION', 'VENTLUNG'), ('KINKEDTUBE', 'VENTLUNG'), ('LVFAILURE', 'LVEDVOLUME'), ('SAO2', 'CATECHOL'), ('TPR', 'CATECHOL'), ('VENTLUNG', 'VENTALV'), ('VENTTUBE', 'VENTLUNG')]","[('BP', 'TPR'), ('CO', 'STROKEVOLUME'), ('EXPCO2', 'VENTLUNG'), ('HRBP', 'ERRLOWOUTPUT'), ('HRBP', 'HR'), ('HREKG', 'ERRCAUTER'), ('MINVOL', 'INTUBATION'), ('PCWP', 'LVEDVOLUME'), ('PRESS', 'KINKEDTUBE'), ('PRESS', 'VENTTUBE'), ('PVSAT', 'FIO2'), ('SAO2', 'PVSAT'), ('SAO2', 'SHUNT'), ('SHUNT', 'PULMEMBOLUS'), ('STROKEVOLUME', 'LVFAILURE'), ('TPR', 'ANAPHYLAXIS'), ('VENTALV', 'INTUBATION'), ('VENTMACH', 'MINVOLSET'), ('VENTTUBE', 'DISCONNECT'), ('VENTTUBE', 'VENTMACH')]",,,,,,,,,,0.0
alarm,notears,analyst,0.47540983606557374,0.6304347826086957,0.5420560747663552,69.0,"[('ARTCO2', 'INSUFFANESTH'), ('BP', 'HISTORY'), ('BP', 'PRESS'), ('BP', 'STROKEVOLUME'), ('BP', 'VENTALV'), ('CO', 'ANAPHYLAXIS'), ('CO', 'ERRLOWOUTPUT'), ('CO', 'PCWP'), ('HR', 'ERRCAUTER'), ('HR', 'HISTORY'), ('HR', 'PCWP'), ('HR', 'STROKEVOLUME'), ('HRBP', 'CATECHOL'), ('HRBP', 'SAO2'), ('HREKG', 'SAO2'), ('HRSAT', 'CATECHOL'), ('HRSAT', 'DISCONNECT'), ('HRSAT', 'ERRLOWOUTPUT'), ('HRSAT', 'FIO2'), ('HRSAT', 'HRBP'), ('HRSAT', 'PULMEMBOLUS'), ('INTUBATION', 'PULMEMBOLUS'), ('MINVOL', 'HRSAT'), ('PVSAT', 'SHUNT'), ('SAO2', 'PVSAT'), ('SAO2', 'TPR'), ('VENTALV', 'FIO2'), ('VENTALV', 'PULMEMBOLUS'), ('VENTALV', 'TPR'), ('VENTLUNG', 'PRESS'), ('VENTMACH', 'DISCONNECT'), ('VENTTUBE', 'KINKEDTUBE')]","[('ARTCO2', 'CATECHOL'), ('CATECHOL', 'HR'), ('ERRCAUTER', 'HRSAT'), ('HR', 'CO'), ('HR', 'HRSAT'), ('HYPOVOLEMIA', 'LVEDVOLUME'), ('HYPOVOLEMIA', 'STROKEVOLUME'), ('INSUFFANESTH', 'CATECHOL'), ('INTUBATION', 'PRESS'), ('INTUBATION', 'SHUNT'), ('INTUBATION', 'VENTLUNG'), ('KINKEDTUBE', 'VENTLUNG'), ('LVFAILURE', 'LVEDVOLUME'), ('SAO2', 'CATECHOL'), ('TPR', 'CATECHOL'), ('VENTLUNG', 'VENTALV'), ('VENTTUBE', 'VENTLUNG')]","[('BP', 'TPR'), ('CO', 'STROKEVOLUME'), ('EXPCO2', 'VENTLUNG'), ('HRBP', 'ERRLOWOUTPUT'), ('HRBP', 'HR'), ('HREKG', 'ERRCAUTER'), ('INTUBATION', 'KINKEDTUBE'), ('MINVOL', 'INTUBATION'), ('PCWP', 'LVEDVOLUME'), ('PRESS', 'KINKEDTUBE'), ('PRESS', 'VENTTUBE'), ('PVSAT', 'FIO2'), ('SAO2', 'SHUNT'), ('SHUNT', 'PULMEMBOLUS'), ('STROKEVOLUME', 'LVFAILURE'), ('TPR', 'ANAPHYLAXIS'), ('VENTALV', 'INTUBATION'), ('VENTMACH', 'MINVOLSET'), ('VENTTUBE', 'DISCONNECT'), ('VENTTUBE', 'VENTMACH')]",,,,,,,,,,0.0
alarm,cosmo,truth,0.5675675675675675,0.45652173913043476,0.506024096385542,54.0,"[('BP', 'CATECHOL'), ('CO', 'HRBP'), ('CO', 'PVSAT'), ('EXPCO2', 'VENTALV'), ('HR', 'PVSAT'), ('HR', 'SAO2'), ('HRBP', 'CATECHOL'), ('HRBP', 'SAO2'), ('HREKG', 'CATECHOL'), ('HREKG', 'HRSAT'), ('HREKG', 'SAO2'), ('HRSAT', 'BP'), ('HRSAT', 'HRBP'), ('MINVOL', 'VENTALV'), ('SAO2', 'INTUBATION'), ('VENTLUNG', 'PRESS')]","[('ARTCO2', 'CATECHOL'), ('CATECHOL', 'HR'), ('DISCONNECT', 'VENTTUBE'), ('ERRCAUTER', 'HREKG'), ('ERRCAUTER', 'HRSAT'), ('ERRLOWOUTPUT', 'HRBP'), ('HR', 'HREKG'), ('HYPOVOLEMIA', 'STROKEVOLUME'), ('INSUFFANESTH', 'CATECHOL'), ('INTUBATION', 'PRESS'), ('INTUBATION', 'SHUNT'), ('INTUBATION', 'VENTALV'), ('INTUBATION', 'VENTLUNG'), ('KINKEDTUBE', 'PRESS'), ('KINKEDTUBE', 'VENTLUNG'), ('LVFAILURE', 'HISTORY'), ('LVFAILURE', 'LVEDVOLUME'), ('PULMEMBOLUS', 'SHUNT'), ('SAO2', 'CATECHOL'), ('STROKEVOLUME', 'CO'), ('TPR', 'BP'), ('TPR', 'CATECHOL'), ('VENTALV', 'PVSAT'), ('VENTLUNG', 'VENTALV'), ('VENTTUBE', 'VENTLUNG')]","[('BP', 'CO'), ('CO', 'HR'), ('CVP', 'LVEDVOLUME'), ('EXPCO2', 'ARTCO2'), ('HRSAT', 'HR'), ('LVEDVOLUME', 'HYPOVOLEMIA'), ('MINVOL', 'INTUBATION'), ('MINVOL', 'VENTLUNG'), ('PCWP', 'LVEDVOLUME'), ('PRESS', 'VENTTUBE'), ('PVSAT', 'FIO2'), ('SAO2', 'PVSAT'), ('STROKEVOLUME', 'LVFAILURE')]",,,,,,,,,,0.02
alarm,cosmo,analyst,0.5405405405405406,0.43478260869565216,0.4819277108433735,55.0,"[('BP', 'CATECHOL'), ('CO', 'HRBP'), ('CO', 'PVSAT'), ('EXPCO2', 'VENTALV'), ('HR', 'PVSAT'), ('HR', 'SAO2'), ('HRBP', 'CATECHOL'), ('HRBP', 'SAO2'), ('HREKG', 'CATECHOL'), ('HREKG', 'HRSAT'), ('HREKG', 'SAO2'), ('HRSAT', 'BP'), ('HRSAT', 'HRBP'), ('MINVOL', 'VENTALV'), ('SAO2', 'INTUBATION'), ('SAO2', 'PVSAT'), ('VENTLUNG', 'PRESS')]","[('ARTCO2', 'CATECHOL'), ('CATECHOL', 'HR'), ('DISCONNECT', 'VENTTUBE'), ('ERRCAUTER', 'HREKG'), ('ERRCAUTER', 'HRSAT'), ('ERRLOWOUTPUT', 'HRBP'), ('HR', 'HREKG'), ('HYPOVOLEMIA', 'STROKEVOLUME'), ('INSUFFANESTH', 'CATECHOL'), ('INTUBATION', 'PRESS'), ('INTUBATION', 'SHUNT'), ('INTUBATION', 'VENTALV'), ('INTUBATION', 'VENTLUNG'), ('KINKEDTUBE', 'INTUBATION'), ('KINKEDTUBE', 'PRESS'), ('KINKEDTUBE', 'VENTLUNG'), ('LVFAILURE', 'HISTORY'), ('LVFAILURE', 'LVEDVOLUME'), ('PULMEMBOLUS', 'SHUNT'), ('SAO2', 'CATECHOL'), ('STROKEVOLUME', 'CO'), ('TPR', 'BP'), ('TPR', 'CATECHOL'), ('VENTALV', 'PVSAT'), ('VENTLUNG', 'VENTALV'), ('VENTTUBE', 'VENTLUNG')]","[('BP', 'CO'), ('CO', 'HR'), ('CVP', 'LVEDVOLUME'), ('EXPCO2', 'ARTCO2'), ('HRSAT', 'HR'), ('LVEDVOLUME', 'HYPOVOLEMIA'), ('MINVOL', 'INTUBATION'), ('MINVOL', 'VENTLUNG'), ('PCWP', 'LVEDVOLUME'), ('PRESS', 'VENTTUBE'), ('PVSAT', 'FIO2'), ('STROKEVOLUME', 'LVFAILURE')]",,,,,,,,,,0.02
child,analyst,truth,0.96,0.96,0.96,2.0,"[('Age', 'Grunting')]","[('Disease', 'LungParench')]",[],,,,,,,,,,
child,ci_test,,,,,,,,,missing,"['Disease', 'LungParench']",chi_square,825.7899184754442,5.879794726193287e-171,,True,,,
child,ci_test,,,,,,,,,spurious,"['Age', 'Grunting']",chi_square,25.547077837724288,0.0012550153366862591,,True,,,
child,pc,truth,0.39622641509433965,0.84,0.5384615384615384,40.0,"[('Age', 'BirthAsphyxia'), ('Age', 'Grunting'), ('Age', 'LowerBodyO2'), ('Age', 'LungFlow'), ('Age', 'XrayReport'), ('CardiacMixing', 'Age'), ('CardiacMixing', 'BirthAsphyxia'), ('CardiacMixing', 'ChestXray'), ('CardiacMixing', 'LowerBodyO2'), ('CardiacMixing', 'LungFlow'), ('CardiacMixing', 'LungParench'), ('CardiacMixing', 'RUQO2'), ('CardiacMixing', 'XrayReport'), ('ChestXray', 'CO2'), ('ChestXray', 'HypoxiaInO2'), ('ChestXray', 'LVH'), ('ChestXray', 'LowerBodyO2'), ('Disease', 'CO2'), ('Disease', 'ChestXray'), ('Disease', 'LVHreport'), ('Disease', 'LowerBodyO2'), ('Disease', 'XrayReport'), ('DuctFlow', 'Age'), ('DuctFlow', 'CO2Report'), ('DuctFlow', 'ChestXray'), ('DuctFlow', 'LowerBodyO2'), ('DuctFlow', 'LungFlow'), ('LowerBodyO2', 'XrayReport'), ('LungParench', 'XrayReport'), ('Sick', 'GruntingReport'), ('XrayReport', 'LVHreport'), ('XrayReport', 'LungFlow')]","[('CardiacMixing', 'HypDistrib'), ('Disease', 'LVH'), ('Disease', 'Sick'), ('LungParench', 'ChestXray')]","[('Age', 'Sick'), ('ChestXray', 'LungFlow'), ('Disease', 'BirthAsphyxia'), ('LowerBodyO2', 'HypoxiaInO2')]",,,,,,,,,,0.6666666666666666
child,pc,analyst,0.39622641509433965,0.84,0.5384615384615384,40.0,"[('Age', 'BirthAsphyxia'), ('Age', 'LowerBodyO2'), ('Age', 'LungFlow'), ('Age', 'XrayReport'), ('CardiacMixing', 'Age'), ('CardiacMixing', 'BirthAsphyxia'), ('CardiacMixing', 'ChestXray'), ('CardiacMixing', 'LowerBodyO2'), ('CardiacMixing', 'LungFlow'), ('CardiacMixing', 'LungParench'), ('CardiacMixing', 'RUQO2'), ('CardiacMixing', 'XrayReport'), ('ChestXray', 'CO2'), ('ChestXray', 'HypoxiaInO2'), ('ChestXray', 'LVH'), ('ChestXray', 'LowerBodyO2'), ('Disease', 'CO2'), ('Disease', 'ChestXray'), ('Disease', 'LVHreport'), ('Disease', 'LowerBodyO2'), ('Disease', 'LungParench'), ('Disease', 'XrayReport'), ('DuctFlow', 'Age'), ('DuctFlow', 'CO2Report'), ('DuctFlow', 'ChestXray'), ('DuctFlow', 'LowerBodyO2'), ('DuctFlow', 'LungFlow'), ('LowerBodyO2', 'XrayReport'), ('LungParench', 'XrayReport'), ('Sick', 'GruntingReport'), ('XrayReport', 'LVHreport'), ('XrayReport', 'LungFlow')]","[('CardiacMixing', 'HypDistrib'), ('Disease', 'LVH'), ('Disease', 'Sick'), ('LungParench', 'ChestXray')]","[('Age', 'Sick'), ('ChestXray', 'LungFlow'), ('Disease', 'BirthAsphyxia'), ('LowerBodyO2', 'HypoxiaInO2')]",,,,,,,,,,0.6666666666666666
child,ges,truth,0.5476190476190477,0.92,0.6865671641791046,33.0,"[('Age', 'ChestXray'), ('CO2', 'Disease'), ('CO2Report', 'LungParench'), ('Disease', 'ChestXray'), ('DuctFlow', 'Sick'), ('Grunting', 'Age'), ('GruntingReport', 'Disease'), ('GruntingReport', 'LungParench'), ('GruntingReport', 'Sick'), ('HypoxiaInO2', 'HypDistrib'), ('LVHreport', 'Disease'), ('LowerBodyO2', 'CardiacMixing'), ('LowerBodyO2', 'Disease'), ('LowerBodyO2', 'GruntingReport'), ('LowerBodyO2', 'LungParench'), ('RUQO2', 'CO2'), ('RUQO2', 'CardiacMixing'), ('XrayReport', 'LungFlow'), ('XrayReport', 'LungParench')]","[('CardiacMixing', 'HypDistrib'), ('Disease', 'Sick')]","[('Age', 'Disease'), ('CO2', 'LungParench'), ('CO2Report', 'CO2'), ('CardiacMixing', 'Disease'), ('DuctFlow', 'Disease'), ('Grunting', 'LungParench'), ('Grunting', 'Sick'), ('HypoxiaInO2', 'CardiacMixing'), ('HypoxiaInO2', 'LungParench'), ('LVH', 'Disease'), ('RUQO2', 'HypoxiaInO2'), ('XrayReport', 'ChestXray')]",,,,,,,,,,0.7
child,ges,analyst,0.5476190476190477,0.92,0.6865671641791046,34.0,"[('Age', 'ChestXray'), ('CO2', 'Disease'), ('CO2Report', 'LungParench'), ('Disease', 'ChestXray'), ('Disease', 'LungParench'), ('DuctFlow', 'Sick'), ('GruntingReport', 'Disease'), ('GruntingReport', 'LungParench'), ('GruntingReport', 'Sick'), ('HypoxiaInO2', 'HypDistrib'), ('LVHreport', 'Disease'), ('LowerBodyO2', 'CardiacMixing'), ('LowerBodyO2', 'Disease'), ('LowerBodyO2', 'GruntingReport'), ('LowerBodyO2', 'LungParench'), ('RUQO2', 'CO2'), ('RUQO2', 'CardiacMixing'), ('XrayReport', 'LungFlow'), ('XrayReport', 'LungParench')]","[('CardiacMixing', 'HypDistrib'), ('Disease', 'Sick')]","[('Age', 'Disease'), ('CO2', 'LungParench'), ('CO2Report', 'CO2'), ('CardiacMixing', 'Disease'), ('DuctFlow', 'Disease'), ('Grunting', 'Age'), ('Grunting', 'LungParench'), ('Grunting', 'Sick'), ('HypoxiaInO2', 'CardiacMixing'), ('HypoxiaInO2', 'LungParench'), ('LVH', 'Disease'), ('RUQO2', 'HypoxiaInO2'), ('XrayReport', 'ChestXray')]",,,,,,,,,,0.7
child,notears,truth,0.7727272727272727,0.68,0.7234042553191491,21.0,"[('Grunting', 'Age'), ('HypoxiaInO2', 'GruntingReport'), ('LowerBodyO2', 'CardiacMixing'), ('LungFlow', 'LowerBodyO2'), ('XrayReport', 'LungFlow')]","[('CardiacMixing', 'HypDistrib'), ('Disease', 'DuctFlow'), ('Disease', 'LungFlow'), ('Disease', 'Sick'), ('LungFlow', 'ChestXray'), ('LungParench', 'ChestXray'), ('LungParench', 'HypoxiaInO2'), ('Sick', 'Grunting')]","[('Age', 'Sick'), ('Disease', 'BirthAsphyxia'), ('Grunting', 'LungParench'), ('GruntingReport', 'Grunting'), ('HypDistrib', 'DuctFlow'), ('HypoxiaInO2', 'CardiacMixing'), ('LowerBodyO2', 'HypDistrib'), ('LowerBodyO2', 'HypoxiaInO2')]",,,,,,,,,,0.49
child,notears,analyst,0.7727272727272727,0.68,0.7234042553191491,22.0,"[('Disease', 'LungParench'), ('HypoxiaInO2', 'GruntingReport'), ('LowerBodyO2', 'CardiacMixing'), ('LungFlow', 'LowerBodyO2'), ('XrayReport', 'LungFlow')]","[('CardiacMixing', 'HypDistrib'), ('Disease', 'DuctFlow'), ('Disease', 'LungFlow'), ('Disease', 'Sick'), ('LungFlow', 'ChestXray'), ('LungParench', 'ChestXray'), ('LungParench', 'HypoxiaInO2'), ('Sick', 'Grunting')]","[('Age', 'Sick'), ('Disease', 'BirthAsphyxia'), ('Grunting', 'Age'), ('Grunting', 'LungParench'), ('GruntingReport', 'Grunting'), ('HypDistrib', 'DuctFlow'), ('HypoxiaInO2', 'CardiacMixing'), ('LowerBodyO2', 'HypDistrib'), ('LowerBodyO2', 'HypoxiaInO2')]",,,,,,,,,,0.49
child,cosmo,truth,0.68,0.68,0.68,25.0,"[('CardiacMixing', 'LowerBodyO2'), ('ChestXray', 'Disease'), ('Disease', 'LVHreport'), ('LowerBodyO2', 'Disease'), ('LungParench', 'CO2Report'), ('RUQO2', 'CardiacMixing'), ('RUQO2', 'LowerBodyO2'), ('XrayReport', 'LungFlow')]","[('CardiacMixing', 'HypDistrib'), ('CardiacMixing', 'HypoxiaInO2'), ('Disease', 'LungFlow'), ('Disease', 'Sick'), ('LungParench', 'ChestXray'), ('LungParench', 'Grunting'), ('LungParench', 'HypoxiaInO2'), ('Sick', 'Grunting')]","[('Age', 'Sick'), ('CO2', 'LungParench'), ('CardiacMixing', 'Disease'), ('ChestXray', 'LungFlow'), ('Disease', 'BirthAsphyxia'), ('HypDistrib', 'DuctFlow'), ('LVHreport', 'LVH'), ('LungParench', 'Disease'), ('RUQO2', 'HypoxiaInO2')]",,,,,,,,,,0.0
child,cosmo,analyst,0.64,0.64,0.64,26.0,"[('CardiacMixing', 'LowerBodyO2'), ('ChestXray', 'Disease'), ('Disease', 'LVHreport'), ('LowerBodyO2', 'Disease'), ('LungParench', 'CO2Report'), ('LungParench', 'Disease'), ('RUQO2', 'CardiacMixing'), ('RUQO2', 'LowerBodyO2'), ('XrayReport', 'LungFlow')]","[('Age', 'Grunting'), ('CardiacMixing', 'HypDistrib'), ('CardiacMixing', 'HypoxiaInO2'), ('Disease', 'LungFlow'), ('Disease', 'Sick'), ('LungParench', 'ChestXray'), ('LungParench', 'Grunting'), ('LungParench', 'HypoxiaInO2'), ('Sick', 'Grunting')]","[('Age', 'Sick'), ('CO2', 'LungParench'), ('CardiacMixing', 'Disease'), ('ChestXray', 'LungFlow'), ('Disease', 'BirthAsphyxia'), ('HypDistrib', 'DuctFlow'), ('LVHreport', 'LVH'), ('RUQO2', 'HypoxiaInO2')]",,,,,,,,,,0.0
insurance,analyst,truth,0.9807692307692307,0.9807692307692307,0.9807692307692307,2.0,"[('CarValue', 'DrivingSkill')]","[('Age', 'DrivingSkill')]",[],,,,,,,,,,
insurance,ci_test,,,,,,,,,missing,"['Age', 'DrivingSkill']",chi_square,224.72144179737077,1.0239716380217662e-45,,True,,,
insurance,ci_test,,,,,,,,,spurious,"['CarValue', 'DrivingSkill']",chi_square,173.11799417637857,1.4976077728085521e-24,,True,,,
insurance,pc,truth,0.5348837209302325,0.4423076923076923,0.4842105263157894,57.0,"[('Age', 'DrivHist'), ('Age', 'DrivQuality'), ('Age', 'HomeBase'), ('Age', 'MakeModel'), ('CarValue', 'ILiCost'), ('CarValue', 'RuggedAuto'), ('HomeBase', 'Accident'), ('HomeBase', 'CarValue'), ('MakeModel', 'Cushioning'), ('MakeModel', 'MedCost'), ('Mileage', 'MakeModel'), ('Mileage', 'OtherCar'), ('RiskAversion', 'CarValue'), ('RiskAversion', 'OtherCarCost'), ('RiskAversion', 'RuggedAuto'), ('SocioEcon', 'ILiCost'), ('SocioEcon', 'RuggedAuto'), ('ThisCarDam', 'MedCost'), ('ThisCarDam', 'OtherCarCost'), ('VehicleYear', 'Theft')]","[('Accident', 'ILiCost'), ('Accident', 'MedCost'), ('Accident', 'OtherCarCost'), ('Age', 'MedCost'), ('Age', 'RiskAversion'), ('Age', 'SeniorTrain'), ('Antilock', 'Accident'), ('CarValue', 'Theft'), ('DrivQuality', 'Accident'), ('DrivingSkill', 'DrivHist'), ('DrivingSkill', 'DrivQuality'), ('MakeModel', 'Airbag'), ('MakeModel', 'Antilock'), ('MakeModel', 'CarValue'), ('Mileage', 'Accident'), ('OtherCarCost', 'PropCost'), ('RiskAversion', 'MakeModel'), ('RiskAversion', 'SeniorTrain'), ('RiskAversion', 'VehicleYear'), ('RuggedAuto', 'Cushioning'), ('RuggedAuto', 'OtherCarCost'), ('RuggedAuto', 'ThisCarDam'), ('SeniorTrain', 'DrivingSkill'), ('SocioEcon', 'AntiTheft'), ('SocioEcon', 'RiskAversion'), ('SocioEcon', 'VehicleYear'), ('ThisCarCost', 'PropCost'), ('VehicleYear', 'CarValue'), ('VehicleYear', 'RuggedAuto')]","[('Airbag', 'VehicleYear'), ('Cushioning', 'Airbag'), ('HomeBase', 'RiskAversion'), ('MedCost', 'Cushioning'), ('OtherCar', 'SocioEcon'), ('Theft', 'AntiTheft'), ('Theft', 'HomeBase'), ('ThisCarDam', 'Accident')]",,,,,,,,,,0.91
insurance,pc,analyst,0.5116279069767442,0.4230769230769231,0.4631578947368421,59.0,"[('Age', 'DrivHist'), ('Age', 'DrivQuality'), ('Age', 'DrivingSkill'), ('Age', 'HomeBase'), ('Age', 'MakeModel'), ('CarValue', 'ILiCost'), ('CarValue', 'RuggedAuto'), ('HomeBase', 'Accident'), ('HomeBase', 'CarValue'), ('MakeModel', 'Cushioning'), ('MakeModel', 'MedCost'), ('Mileage', 'MakeModel'), ('Mileage', 'OtherCar'), ('RiskAversion', 'CarValue'), ('RiskAversion', 'OtherCarCost'), ('RiskAversion', 'RuggedAuto'), ('SocioEcon', 'ILiCost'), ('SocioEcon', 'RuggedAuto'), ('ThisCarDam', 'MedCost'), ('ThisCarDam', 'OtherCarCost'), ('VehicleYear', 'Theft')]","[('Accident', 'ILiCost'), ('Accident', 'MedCost'), ('Accident', 'OtherCarCost'), ('Age', 'MedCost'), ('Age', 'RiskAversion'), ('Age', 'SeniorTrain'), ('Antilock', 'Accident'), ('CarValue', 'DrivingSkill'), ('CarValue', 'Theft'), ('DrivQuality', 'Accident'), ('DrivingSkill', 'DrivHist'), ('DrivingSkill', 'DrivQuality'), ('MakeModel', 'Airbag'), ('MakeModel', 'Antilock'), ('MakeModel', 'CarValue'), ('Mileage', 'Accident'), ('OtherCarCost', 'PropCost'), ('RiskAversion', 'MakeModel'), ('RiskAversion', 'SeniorTrain'), ('RiskAversion', 'VehicleYear'), ('RuggedAuto', 'Cushioning'), ('RuggedAuto', 'OtherCarCost'), ('RuggedAuto', 'ThisCarDam'), ('SeniorTrain', 'DrivingSkill'), ('SocioEcon', 'AntiTheft'), ('SocioEcon', 'RiskAversion'), ('SocioEcon', 'VehicleYear'), ('ThisCarCost', 'PropCost'), ('VehicleYear', 'CarValue'), ('VehicleYear', 'RuggedAuto')]","[('Airbag', 'VehicleYear'), ('Cushioning', 'Airbag'), ('HomeBase', 'RiskAversion'), ('MedCost', 'Cushioning'), ('OtherCar', 'SocioEcon'), ('Theft', 'AntiTheft'), ('Theft', 'HomeBase'), ('ThisCarDam', 'Accident')]",,,,,,,,,,0.91
insurance,ges,truth,0.3707865168539326,0.6346153846153846,0.4680851063829787,88.0,"[('Accident', 'CarValue'), ('Accident', 'ThisCarCost'), ('Age', 'ThisCarCost'), ('Airbag', 'SeniorTrain'), ('AntiTheft', 'HomeBase'), ('AntiTheft', 'Mileage'), ('AntiTheft', 'RuggedAuto'), ('AntiTheft', 'ThisCarCost'), ('Antilock', 'Airbag'), ('Antilock', 'OtherCarCost'), ('CarValue', 'Cushioning'), ('CarValue', 'OtherCarCost'), ('CarValue', 'SocioEcon'), ('Cushioning', 'Mileage'), ('Cushioning', 'PropCost'), ('DrivHist', 'Cushioning'), ('DrivHist', 'DrivQuality'), ('DrivHist', 'GoodStudent'), ('DrivHist', 'OtherCarCost'), ('DrivHist', 'ThisCarCost'), ('DrivQuality', 'CarValue'), ('DrivQuality', 'Mileage'), ('DrivingSkill', 'SocioEcon'), ('GoodStudent', 'Airbag'), ('HomeBase', 'CarValue'), ('HomeBase', 'Cushioning'), ('HomeBase', 'DrivQuality'), ('ILiCost', 'CarValue'), ('ILiCost', 'DrivingSkill'), ('ILiCost', 'PropCost'), ('ILiCost', 'RiskAversion'), ('MakeModel', 'Cushioning'), ('MakeModel', 'ThisCarCost'), ('MedCost', 'OtherCarCost'), ('MedCost', 'PropCost'), ('MedCost', 'ThisCarDam'), ('OtherCarCost', 'Mileage'), ('RiskAversion', 'CarValue'), ('RiskAversion', 'Cushioning'), ('RiskAversion', 'Mileage'), ('RiskAversion', 'OtherCarCost'), ('RuggedAuto', 'CarValue'), ('RuggedAuto', 'RiskAversion'), ('RuggedAuto', 'SocioEcon'), ('SeniorTrain', 'Accident'), ('SeniorTrain', 'DrivQuality'), ('SocioEcon', 'Cushioning'), ('SocioEcon', 'ThisCarCost'), ('Theft', 'Airbag'), ('Theft', 'Antilock'), ('Theft', 'SeniorTrain'), ('Theft', 'ThisCarDam'), ('ThisCarDam', 'OtherCarCost'), ('ThisCarDam', 'PropCost'), ('VehicleYear', 'MakeModel'), ('VehicleYear', 'Theft')]","[('Accident', 'MedCost'), ('Age', 'MedCost'), ('Age', 'RiskAversion'), ('Age', 'SocioEcon'), ('Antilock', 'Accident'), ('CarValue', 'Theft'), ('HomeBase', 'Theft'), ('MakeModel', 'Airbag'), ('MakeModel', 'Antilock'), ('RiskAversion', 'AntiTheft'), ('RiskAversion', 'DrivHist'), ('RiskAversion', 'MakeModel'), ('RiskAversion', 'SeniorTrain'), ('RuggedAuto', 'Cushioning'), ('RuggedAuto', 'ThisCarDam'), ('SocioEcon', 'AntiTheft'), ('SocioEcon', 'RiskAversion'), ('SocioEcon', 'VehicleYear'), ('VehicleYear', 'RuggedAuto')]","[('Accident', 'Mileage'), ('CarValue', 'MakeModel'), ('CarValue', 'Mileage'), ('DrivHist', 'DrivingSkill'), ('GoodStudent', 'Age'), ('GoodStudent', 'SocioEcon'), ('HomeBase', 'RiskAversion'), ('HomeBase', 'SocioEcon'), ('ILiCost', 'Accident'), ('OtherCar', 'SocioEcon'), ('RuggedAuto', 'MakeModel'), ('Theft', 'AntiTheft'), ('VehicleYear', 'RiskAversion')]",,,,,,,,,,1.0
insurance,ges,analyst,0.3595505617977528,0.6153846153846154,0.45390070921985815,90.0,"[('Accident', 'CarValue'), ('Accident', 'ThisCarCost'), ('Age', 'DrivingSkill'), ('Age', 'ThisCarCost'), ('Airbag', 'SeniorTrain'), ('AntiTheft', 'HomeBase'), ('AntiTheft', 'Mileage'), ('AntiTheft', 'RuggedAuto'), ('AntiTheft', 'ThisCarCost'), ('Antilock', 'Airbag'), ('Antilock', 'OtherCarCost'), ('CarValue', 'Cushioning'), ('CarValue', 'OtherCarCost'), ('CarValue', 'SocioEcon'), ('Cushioning', 'Mileage'), ('Cushioning', 'PropCost'), ('DrivHist', 'Cushioning'), ('DrivHist', 'DrivQuality'), ('DrivHist', 'GoodStudent'), ('DrivHist', 'OtherCarCost'), ('DrivHist', 'ThisCarCost'), ('DrivQuality', 'CarValue'), ('DrivQuality', 'Mileage'), ('DrivingSkill', 'SocioEcon'), ('GoodStudent', 'Airbag'), ('HomeBase', 'CarValue'), ('HomeBase', 'Cushioning'), ('HomeBase', 'DrivQuality'), ('ILiCost', 'CarValue'), ('ILiCost', 'DrivingSkill'), ('ILiCost', 'PropCost'), ('ILiCost', 'RiskAversion'), ('MakeModel', 'Cushioning'), ('MakeModel', 'ThisCarCost'), ('MedCost', 'OtherCarCost'), ('MedCost', 'PropCost'), ('MedCost', 'ThisCarDam'), ('OtherCarCost', 'Mileage'), ('RiskAversion', 'CarValue'), ('RiskAversion', 'Cushioning'), ('RiskAversion', 'Mileage'), ('RiskAversion', 'OtherCarCost'), ('RuggedAuto', 'CarValue'), ('RuggedAuto', 'RiskAversion'), ('RuggedAuto', 'SocioEcon'), ('SeniorTrain', 'Accident'), ('SeniorTrain', 'DrivQuality'), ('SocioEcon', 'Cushioning'), ('SocioEcon', 'ThisCarCost'), ('Theft', 'Airbag'), ('Theft', 'Antilock'), ('Theft', 'SeniorTrain'), ('Theft', 'ThisCarDam'), ('ThisCarDam', 'OtherCarCost'), ('ThisCarDam', 'PropCost'), ('VehicleYear', 'MakeModel'), ('VehicleYear', 'Theft')]","[('Accident', 'MedCost'), ('Age', 'MedCost'), ('Age', 'RiskAversion'), ('Age', 'SocioEcon'), ('Antilock', 'Accident'), ('CarValue', 'DrivingSkill'), ('CarValue', 'Theft'), ('HomeBase', 'Theft'), ('MakeModel', 'Airbag'), ('MakeModel', 'Antilock'), ('RiskAversion', 'AntiTheft'), ('RiskAversion', 'DrivHist'), ('RiskAversion', 'MakeModel'), ('RiskAversion', 'SeniorTrain'), ('RuggedAuto', 'Cushioning'), ('RuggedAuto', 'ThisCarDam'), ('SocioEcon', 'AntiTheft'), ('SocioEcon', 'RiskAversion'), ('SocioEcon', 'VehicleYear'), ('VehicleYear', 'RuggedAuto')]","[('Accident', 'Mileage'), ('CarValue', 'MakeModel'), ('CarValue', 'Mileage'), ('DrivHist', 'DrivingSkill'), ('GoodStudent', 'Age'), ('GoodStudent', 'SocioEcon'), ('HomeBase', 'RiskAversion'), ('HomeBase', 'SocioEcon'), ('ILiCost', 'Accident'), ('OtherCar', 'SocioEcon'), ('RuggedAuto', 'MakeModel'), ('Theft', 'AntiTheft'), ('VehicleYear', 'RiskAversion')]",,,,,,,,,,1.0
insurance,notears,truth,0.3709677419354839,0.4423076923076923,0.4035087719298246,86.0,"[('Accident', 'SeniorTrain'), ('Airbag', 'Antilock'), ('Airbag', 'GoodStudent'), ('CarValue', 'AntiTheft'), ('Cushioning', 'DrivQuality'), ('Cushioning', 'GoodStudent'), ('Cushioning', 'Mileage'), ('DrivHist', 'DrivQuality'), ('HomeBase', 'PropCost'), ('ILiCost', 'CarValue'), ('ILiCost', 'DrivHist'), ('ILiCost', 'DrivingSkill'), ('ILiCost', 'Mileage'), ('MakeModel', 'Mileage'), ('MedCost', 'OtherCar'), ('MedCost', 'OtherCarCost'), ('OtherCarCost', 'DrivHist'), ('OtherCarCost', 'Mileage'), ('OtherCarCost', 'OtherCar'), ('PropCost', 'Age'), ('PropCost', 'Antilock'), ('PropCost', 'GoodStudent'), ('PropCost', 'Mileage'), ('PropCost', 'OtherCar'), ('PropCost', 'VehicleYear'), ('RiskAversion', 'Mileage'), ('RuggedAuto', 'RiskAversion'), ('Theft', 'Airbag'), ('Theft', 'Antilock'), ('Theft', 'VehicleYear'), ('ThisCarCost', 'Age'), ('ThisCarCost', 'Antilock'), ('ThisCarCost', 'DrivHist'), ('ThisCarCost', 'SeniorTrain'), ('ThisCarCost', 'VehicleYear'), ('ThisCarDam', 'Antilock'), ('ThisCarDam', 'MedCost'), ('ThisCarDam', 'SeniorTrain'), ('ThisCarDam', 'Theft')]","[('Accident', 'MedCost'), ('Accident', 'ThisCarDam'), ('Age', 'GoodStudent'), ('Age', 'MedCost'), ('Age', 'RiskAversion'), ('Age', 'SeniorTrain'), ('Age', 'SocioEcon'), ('Antilock', 'Accident'), ('CarValue', 'Theft'), ('CarValue', 'ThisCarCost'), ('HomeBase', 'Theft'), ('MakeModel', 'Airbag'), ('MakeModel', 'Antilock'), ('MakeModel', 'RuggedAuto'), ('OtherCarCost', 'PropCost'), ('RiskAversion', 'AntiTheft'), ('RiskAversion', 'DrivHist'), ('RiskAversion', 'MakeModel'), ('RiskAversion', 'SeniorTrain'), ('RiskAversion', 'VehicleYear'), ('RuggedAuto', 'Cushioning'), ('RuggedAuto', 'OtherCarCost'), ('RuggedAuto', 'ThisCarDam'), ('SocioEcon', 'AntiTheft'), ('SocioEcon', 'MakeModel'), ('SocioEcon', 'RiskAversion'), ('SocioEcon', 'VehicleYear'), ('VehicleYear', 'CarValue'), ('VehicleYear', 'RuggedAuto')]","[('Accident', 'DrivQuality'), ('Accident', 'Mileage'), ('Airbag', 'VehicleYear'), ('Antilock', 'VehicleYear'), ('CarValue', 'MakeModel'), ('CarValue', 'Mileage'), ('Cushioning', 'Airbag'), ('DrivHist', 'DrivingSkill'), ('DrivQuality', 'DrivingSkill'), ('DrivingSkill', 'Age'), ('DrivingSkill', 'SeniorTrain'), ('HomeBase', 'SocioEcon'), ('MedCost', 'Cushioning'), ('OtherCarCost', 'Accident'), ('PropCost', 'ThisCarCost'), ('Theft', 'AntiTheft'), ('ThisCarCost', 'Theft'), ('ThisCarCost', 'ThisCarDam')]",,,,,,,,,,0.0
insurance,notears,analyst,0.3548387096774194,0.4230769230769231,0.3859649122807018,87.0,"[('Accident', 'SeniorTrain'), ('Airbag', 'Antilock'), ('Airbag', 'GoodStudent'), ('CarValue', 'AntiTheft'), ('Cushioning', 'DrivQuality'), ('Cushioning', 'GoodStudent'), ('Cushioning', 'Mileage'), ('DrivHist', 'DrivQuality'), ('DrivingSkill', 'Age'), ('HomeBase', 'PropCost'), ('ILiCost', 'CarValue'), ('ILiCost', 'DrivHist'), ('ILiCost', 'DrivingSkill'), ('ILiCost', 'Mileage'), ('MakeModel', 'Mileage'), ('MedCost', 'OtherCar'), ('MedCost', 'OtherCarCost'), ('OtherCarCost', 'DrivHist'), ('OtherCarCost', 'Mileage'), ('OtherCarCost', 'OtherCar'), ('PropCost', 'Age'), ('PropCost', 'Antilock'), ('PropCost', 'GoodStudent'), ('PropCost', 'Mileage'), ('PropCost', 'OtherCar'), ('PropCost', 'VehicleYear'), ('RiskAversion', 'Mileage'), ('RuggedAuto', 'RiskAversion'), ('Theft', 'Airbag'), ('Theft', 'Antilock'), ('Theft', 'VehicleYear'), ('ThisCarCost', 'Age'), ('ThisCarCost', 'Antilock'), ('ThisCarCost', 'DrivHist'), ('ThisCarCost', 'SeniorTrain'), ('ThisCarCost', 'VehicleYear'), ('ThisCarDam', 'Antilock'), ('ThisCarDam', 'MedCost'), ('ThisCarDam', 'SeniorTrain'), ('ThisCarDam', 'Theft')]","[('Accident', 'MedCost'), ('Accident', 'ThisCarDam'), ('Age', 'GoodStudent'), ('Age', 'MedCost'), ('Age', 'RiskAversion'), ('Age', 'SeniorTrain'), ('Age', 'SocioEcon'), ('Antilock', 'Accident'), ('CarValue', 'DrivingSkill'), ('CarValue', 'Theft'), ('CarValue', 'ThisCarCost'), ('HomeBase', 'Theft'), ('MakeModel', 'Airbag'), ('MakeModel', 'Antilock'), ('MakeModel', 'RuggedAuto'), ('OtherCarCost', 'PropCost'), ('RiskAversion', 'AntiTheft'), ('RiskAversion', 'DrivHist'), ('RiskAversion', 'MakeModel'), ('RiskAversion', 'SeniorTrain'), ('RiskAversion', 'VehicleYear'), ('RuggedAuto', 'Cushioning'), ('RuggedAuto', 'OtherCarCost'), ('RuggedAuto', 'ThisCarDam'), ('SocioEcon', 'AntiTheft'), ('SocioEcon', 'MakeModel'), ('SocioEcon', 'RiskAversion'), ('SocioEcon', 'VehicleYear'), ('VehicleYear', 'CarValue'), ('VehicleYear', 'RuggedAuto')]","[('Accident', 'DrivQuality'), ('Accident', 'Mileage'), ('Airbag', 'VehicleYear'), ('Antilock', 'VehicleYear'), ('CarValue', 'MakeModel'), ('CarValue', 'Mileage'), ('Cushioning', 'Airbag'), ('DrivHist', 'DrivingSkill'), ('DrivQuality', 'DrivingSkill'), ('DrivingSkill', 'SeniorTrain'), ('HomeBase', 'SocioEcon'), ('MedCost', 'Cushioning'), ('OtherCarCost', 'Accident'), ('PropCost', 'ThisCarCost'), ('Theft', 'AntiTheft'), ('ThisCarCost', 'Theft'), ('ThisCarCost', 'ThisCarDam')]",,,,,,,,,,0.0
insurance,cosmo,truth,0.45,0.5192307692307693,0.48214285714285715,76.0,"[('Accident', 'CarValue'), ('Airbag', 'GoodStudent'), ('Antilock', 'Airbag'), ('Antilock', 'Theft'), ('CarValue', 'HomeBase'), ('CarValue', 'RuggedAuto'), ('CarValue', 'SocioEcon'), ('Cushioning', 'CarValue'), ('Cushioning', 'HomeBase'), ('Cushioning', 'MakeModel'), ('Cushioning', 'RiskAversion'), ('Cushioning', 'SocioEcon'), ('DrivQuality', 'DrivHist'), ('DrivQuality', 'SeniorTrain'), ('ILiCost', 'CarValue'), ('ILiCost', 'DrivHist'), ('ILiCost', 'RiskAversion'), ('MedCost', 'MakeModel'), ('OtherCarCost', 'DrivHist'), ('OtherCarCost', 'ILiCost'), ('OtherCarCost', 'RiskAversion'), ('PropCost', 'Age'), ('PropCost', 'ILiCost'), ('PropCost', 'MedCost'), ('PropCost', 'ThisCarDam'), ('RiskAversion', 'RuggedAuto'), ('RuggedAuto', 'AntiTheft'), ('Theft', 'Airbag'), ('ThisCarCost', 'Age'), ('ThisCarCost', 'SocioEcon'), ('ThisCarDam', 'MedCost'), ('ThisCarDam', 'OtherCarCost'), ('VehicleYear', 'Theft')]","[('Accident', 'MedCost'), ('Age', 'GoodStudent'), ('Age', 'MedCost'), ('Age', 'RiskAversion'), ('Age', 'SeniorTrain'), ('Age', 'SocioEcon'), ('Antilock', 'Accident'), ('CarValue', 'Theft'), ('HomeBase', 'Theft'), ('MakeModel', 'Airbag'), ('MakeModel', 'Antilock'), ('MakeModel', 'RuggedAuto'), ('Mileage', 'Accident'), ('Mileage', 'CarValue'), ('RiskAversion', 'DrivHist'), ('RiskAversion', 'MakeModel'), ('RiskAversion', 'SeniorTrain'), ('RiskAversion', 'VehicleYear'), ('RuggedAuto', 'ThisCarDam'), ('SocioEcon', 'AntiTheft'), ('SocioEcon', 'HomeBase'), ('SocioEcon', 'RiskAversion'), ('SocioEcon', 'VehicleYear'), ('VehicleYear', 'CarValue'), ('VehicleYear', 'RuggedAuto')]","[('Accident', 'DrivQuality'), ('CarValue', 'MakeModel'), ('Cushioning', 'Airbag'), ('Cushioning', 'RuggedAuto'), ('DrivingSkill', 'Age'), ('DrivingSkill', 'SeniorTrain'), ('HomeBase', 'RiskAversion'), ('ILiCost', 'Accident'), ('MakeModel', 'SocioEcon'), ('OtherCarCost', 'Accident'), ('OtherCarCost', 'RuggedAuto'), ('PropCost', 'OtherCarCost'), ('PropCost', 'ThisCarCost'), ('Theft', 'AntiTheft'), ('ThisCarCost', 'CarValue'), ('ThisCarCost', 'Theft'), ('ThisCarCost', 'ThisCarDam'), ('ThisCarDam', 'Accident')]",,,,,,,,,,0.0
insurance,cosmo,analyst,0.43333333333333335,0.5,0.4642857142857143,77.0,"[('Accident', 'CarValue'), ('Airbag', 'GoodStudent'), ('Antilock', 'Airbag'), ('Antilock', 'Theft'), ('CarValue', 'HomeBase'), ('CarValue', 'RuggedAuto'), ('CarValue', 'SocioEcon'), ('Cushioning', 'CarValue'), ('Cushioning', 'HomeBase'), ('Cushioning', 'MakeModel'), ('Cushioning', 'RiskAversion'), ('Cushioning', 'SocioEcon'), ('DrivQuality', 'DrivHist'), ('DrivQuality', 'SeniorTrain'), ('DrivingSkill', 'Age'), ('ILiCost', 'CarValue'), ('ILiCost', 'DrivHist'), ('ILiCost', 'RiskAversion'), ('MedCost', 'MakeModel'), ('OtherCarCost', 'DrivHist'), ('OtherCarCost', 'ILiCost'), ('OtherCarCost', 'RiskAversion'), ('PropCost', 'Age'), ('PropCost', 'ILiCost'), ('PropCost', 'MedCost'), ('PropCost', 'ThisCarDam'), ('RiskAversion', 'RuggedAuto'), ('RuggedAuto', 'AntiTheft'), ('Theft', 'Airbag'), ('ThisCarCost', 'Age'), ('ThisCarCost', 'SocioEcon'), ('ThisCarDam', 'MedCost'), ('ThisCarDam', 'OtherCarCost'), ('VehicleYear', 'Theft')]","[('Accident', 'MedCost'), ('Age', 'GoodStudent'), ('Age', 'MedCost'), ('Age', 'RiskAversion'), ('Age', 'SeniorTrain'), ('Age', 'SocioEcon'), ('Antilock', 'Accident'), ('CarValue', 'DrivingSkill'), ('CarValue', 'Theft'), ('HomeBase', 'Theft'), ('MakeModel', 'Airbag'), ('MakeModel', 'Antilock'), ('MakeModel', 'RuggedAuto'), ('Mileage', 'Accident'), ('Mileage', 'CarValue'), ('RiskAversion', 'DrivHist'), ('RiskAversion', 'MakeModel'), ('RiskAversion', 'SeniorTrain'), ('RiskAversion', 'VehicleYear'), ('RuggedAuto', 'ThisCarDam'), ('SocioEcon', 'AntiTheft'), ('SocioEcon', 'HomeBase'), ('SocioEcon', 'RiskAversion'), ('SocioEcon', 'VehicleYear'), ('VehicleYear', 'CarValue'), ('VehicleYear', 'RuggedAuto')]","[('Accident', 'DrivQuality'), ('CarValue', 'MakeModel'), ('Cushioning', 'Airbag'), ('Cushioning', 'RuggedAuto'), ('DrivingSkill', 'SeniorTrain'), ('HomeBase', 'RiskAversion'), ('ILiCost', 'Accident'), ('MakeModel', 'SocioEcon'), ('OtherCarCost', 'Accident'), ('OtherCarCost', 'RuggedAuto'), ('PropCost', 'OtherCarCost'), ('PropCost', 'ThisCarCost'), ('Theft', 'AntiTheft'), ('ThisCarCost', 'CarValue'), ('ThisCarCost', 'Theft'), ('ThisCarCost', 'ThisCarDam'), ('ThisCarDam', 'Accident')]",,,,,,,,,,0.0
